command,mean,stddev,median,user,system,min,max
dsrc c -t1 /tmp/tmp.J4qwxvyCN2/test.fastq /tmp/tmp.J4qwxvyCN2/test.dsrc1,0.60082346786,0.0066683420823389255,0.59787222886,0.57630032,0.024385780000000003,0.59565674636,0.61524718936
bin/fastq2dsrc -t 1 /tmp/tmp.J4qwxvyCN2/test.fastq /tmp/tmp.J4qwxvyCN2/test.dsrc2,0.61021635786,0.026463364997181202,0.59650582036,0.6020652199999998,0.032528879999999996,0.58967977536,0.66149365136
