command,mean,stddev,median,user,system,min,max
dsrc c -t4 /tmp/tmp.J4qwxvyCN2/test.fastq /tmp/tmp.J4qwxvyCN2/test.dsrc1,0.2842270193600001,0.002328956370408648,0.28415482746000004,0.92749942,0.04746288,0.28130440946,0.28738641346000005
bin/fastq2dsrc -t 4 /tmp/tmp.J4qwxvyCN2/test.fastq /tmp/tmp.J4qwxvyCN2/test.dsrc2,0.28554649316,0.0037099378845051423,0.28576542196000004,0.9358424199999998,0.04782457999999999,0.27931997846,0.29061875546000004
