command,mean,stddev,median,user,system,min,max
dsrc d -t1 /var/folders/qf/64kyljyn0njdfbz8nyrgjv8h000cb1/T/tmp.lxWAKWWbSP/test.dsrc /var/folders/qf/64kyljyn0njdfbz8nyrgjv8h000cb1/T/tmp.lxWAKWWbSP/out1.fastq,0.36416269136,0.0062682423793305915,0.36127805346,0.34415326,0.01659706,0.35884147046000003,0.37712392946
bin/undsrc -t 1 /var/folders/qf/64kyljyn0njdfbz8nyrgjv8h000cb1/T/tmp.lxWAKWWbSP/test.dsrc /var/folders/qf/64kyljyn0njdfbz8nyrgjv8h000cb1/T/tmp.lxWAKWWbSP/out2.fastq,0.37331169996,0.0014093187426397987,0.3730181999600001,0.35870086,0.02301976,0.37123180446000004,0.37532288746000003
