command,mean,stddev,median,user,system,min,max
dsrc d -t4 /tmp/tmp.J4qwxvyCN2/test.dsrc /tmp/tmp.J4qwxvyCN2/out1.fastq,0.20179351685428573,0.006291972440840318,0.19931040914,0.6359011199999999,0.07593541714285713,0.19852568714000002,0.22293694914
bin/undsrc -t 4 /tmp/tmp.J4qwxvyCN2/test.dsrc /tmp/tmp.J4qwxvyCN2/out2.fastq,0.19287485914,0.0035024651073632305,0.19184562014,0.6043390485714287,0.07584970285714285,0.18929384614,0.20153675014
