command,mean,stddev,median,user,system,min,max
dsrc d -t4 /var/folders/qf/64kyljyn0njdfbz8nyrgjv8h000cb1/T/tmp.J1YUSqhKBF/test.dsrc /var/folders/qf/64kyljyn0njdfbz8nyrgjv8h000cb1/T/tmp.J1YUSqhKBF/out1.fastq,0.11639557762727275,0.0017290300726375322,0.1161188129,0.35428293636363634,0.026211118181818174,0.1149480424,0.12319933340000001
bin/undsrc -t 4 /var/folders/qf/64kyljyn0njdfbz8nyrgjv8h000cb1/T/tmp.J1YUSqhKBF/test.dsrc /var/folders/qf/64kyljyn0njdfbz8nyrgjv8h000cb1/T/tmp.J1YUSqhKBF/out2.fastq,0.13904610308421056,0.0019535846365263776,0.1390367504,0.3793162210526316,0.05032774736842106,0.1361932084,0.14411470839999999
