command,mean,stddev,median,user,system,min,max
dsrc d -t1 /tmp/tmp.J4qwxvyCN2/test.dsrc /tmp/tmp.J4qwxvyCN2/out1.fastq,0.50633745544,0.03660613132674075,0.49427538154000006,0.45988742,0.04616878,0.47247989104000004,0.56060965404
bin/undsrc -t 1 /tmp/tmp.J4qwxvyCN2/test.dsrc /tmp/tmp.J4qwxvyCN2/out2.fastq,0.4521578633400001,0.021822844721957068,0.44338378654000005,0.4411260199999999,0.04898918000000001,0.43506895704000004,0.49550528804000005
