command,mean,stddev,median,user,system,min,max
dsrc d -t4 /var/folders/qf/64kyljyn0njdfbz8nyrgjv8h000cb1/T/tmp.lxWAKWWbSP/test.dsrc /var/folders/qf/64kyljyn0njdfbz8nyrgjv8h000cb1/T/tmp.lxWAKWWbSP/out1.fastq,0.11654329492000003,0.0013605756178847437,0.11649504492000001,0.35591239043478257,0.026022662608695655,0.11381179492000001,0.12032337792
bin/undsrc -t 4 /var/folders/qf/64kyljyn0njdfbz8nyrgjv8h000cb1/T/tmp.lxWAKWWbSP/test.dsrc /var/folders/qf/64kyljyn0njdfbz8nyrgjv8h000cb1/T/tmp.lxWAKWWbSP/out2.fastq,0.1385235426568421,0.002444141158614135,0.13783141992,0.3770931547368421,0.04951703789473683,0.13585041992000002,0.14462162792000002
