command,mean,stddev,median,user,system,min,max
dsrc d -t1 /var/folders/qf/64kyljyn0njdfbz8nyrgjv8h000cb1/T/tmp.J1YUSqhKBF/test.dsrc /var/folders/qf/64kyljyn0njdfbz8nyrgjv8h000cb1/T/tmp.J1YUSqhKBF/out1.fastq,0.35943585412000006,0.0025701308760624464,0.35972115782,0.34086765999999996,0.015404440000000002,0.35615745032000007,0.36265028332000004
bin/undsrc -t 1 /var/folders/qf/64kyljyn0njdfbz8nyrgjv8h000cb1/T/tmp.J1YUSqhKBF/test.dsrc /var/folders/qf/64kyljyn0njdfbz8nyrgjv8h000cb1/T/tmp.J1YUSqhKBF/out2.fastq,0.3785148833200001,0.002306908323775063,0.3792171793200001,0.36276626,0.02409764,0.37475828332000005,0.38122903332
